{"fileId":"14062f682777e7b80fa0","fileName":"draw.spec.ts","tests":[{"testId":"14062f682777e7b80fa0-7c40e3cee85510263db4","title":"draw on canvas, undo and redo (pixel-accurate)","projectName":"chromium","location":{"file":"draw.spec.ts","line":9,"column":1},"duration":19104,"annotations":[],"tags":[],"outcome":"skipped","path":[],"results":[{"duration":19104,"startTime":"2025-11-18T16:48:36.913Z","retry":0,"steps":[{"title":"Before Hooks","startTime":"2025-11-18T16:48:36.917Z","duration":580,"steps":[{"title":"Fixture \"browser\"","startTime":"2025-11-18T16:48:36.931Z","duration":135,"steps":[{"title":"Launch browser","startTime":"2025-11-18T16:48:36.936Z","duration":129,"steps":[],"attachments":[],"count":1,"skipped":false}],"attachments":[],"count":1,"skipped":false},{"title":"Fixture \"context\"","startTime":"2025-11-18T16:48:37.068Z","duration":13,"steps":[{"title":"Create context","startTime":"2025-11-18T16:48:37.070Z","duration":10,"steps":[],"attachments":[],"count":1,"skipped":false}],"attachments":[],"count":1,"skipped":false},{"title":"Fixture \"page\"","startTime":"2025-11-18T16:48:37.082Z","duration":415,"steps":[{"title":"Create page","startTime":"2025-11-18T16:48:37.083Z","duration":414,"steps":[],"attachments":[],"count":1,"skipped":false}],"attachments":[],"count":1,"skipped":false}],"attachments":[],"count":1,"skipped":false},{"title":"POST \"/api/rooms\"","startTime":"2025-11-18T16:48:37.502Z","duration":29,"steps":[],"attachments":[],"location":{"file":"draw.spec.ts","line":11,"column":35},"count":1,"skipped":false,"snippet":" \u001b[90m  10 |\u001b[39m   \u001b[90m// create a room\u001b[39m\n \u001b[90m  11 |\u001b[39m   \u001b[36mconst\u001b[39m resp \u001b[33m=\u001b[39m \u001b[36mawait\u001b[39m page\u001b[33m.\u001b[39mrequest\u001b[33m.\u001b[39mpost(\u001b[32m'http://localhost:3001/api/rooms'\u001b[39m\u001b[33m,\u001b[39m { data\u001b[33m:\u001b[39m {} })\n \u001b[90m     |\u001b[39m \u001b[31m\u001b[1m                                  ^\u001b[22m\u001b[39m\u001b[0m\n \u001b[90m  12 |\u001b[39m   expect(resp\u001b[33m.\u001b[39mok())\u001b[33m.\u001b[39mtoBeTruthy()"},{"title":"Expect \"toBeTruthy\"","startTime":"2025-11-18T16:48:37.533Z","duration":0,"steps":[],"attachments":[],"location":{"file":"draw.spec.ts","line":12,"column":21},"count":1,"skipped":false,"snippet":" \u001b[90m  11 |\u001b[39m   \u001b[36mconst\u001b[39m resp \u001b[33m=\u001b[39m \u001b[36mawait\u001b[39m page\u001b[33m.\u001b[39mrequest\u001b[33m.\u001b[39mpost(\u001b[32m'http://localhost:3001/api/rooms'\u001b[39m\u001b[33m,\u001b[39m { data\u001b[33m:\u001b[39m {} })\n \u001b[90m  12 |\u001b[39m   expect(resp\u001b[33m.\u001b[39mok())\u001b[33m.\u001b[39mtoBeTruthy()\n \u001b[90m     |\u001b[39m \u001b[31m\u001b[1m                    ^\u001b[22m\u001b[39m\u001b[0m\n \u001b[90m  13 |\u001b[39m   \u001b[36mconst\u001b[39m body \u001b[33m=\u001b[39m \u001b[36mawait\u001b[39m resp\u001b[33m.\u001b[39mjson()"},{"title":"Expect \"toBeTruthy\"","startTime":"2025-11-18T16:48:37.536Z","duration":0,"steps":[],"attachments":[],"location":{"file":"draw.spec.ts","line":15,"column":18},"count":1,"skipped":false,"snippet":" \u001b[90m  14 |\u001b[39m   \u001b[36mconst\u001b[39m roomId \u001b[33m=\u001b[39m body\u001b[33m.\u001b[39mroomId \u001b[33m||\u001b[39m body\u001b[33m.\u001b[39mid \u001b[33m||\u001b[39m body\u001b[33m.\u001b[39m_id\n \u001b[90m  15 |\u001b[39m   expect(roomId)\u001b[33m.\u001b[39mtoBeTruthy()\n \u001b[90m     |\u001b[39m \u001b[31m\u001b[1m                 ^\u001b[22m\u001b[39m\u001b[0m\n \u001b[90m  16 |\u001b[39m"},{"title":"GET \"/\"","startTime":"2025-11-18T16:48:37.541Z","duration":310,"steps":[],"attachments":[],"location":{"file":"waitForFrontend.ts","line":10,"column":41},"error":"Error: apiRequestContext.get: connect ECONNREFUSED ::1:5173\nCall log:\n\u001b[2m  - → GET http://localhost:5173/\u001b[22m\n\u001b[2m    - user-agent: Mozilla/5.0 (Windows NT 10.0; Win64; x64) AppleWebKit/537.36 (KHTML, like Gecko) HeadlessChrome/141.0.7390.37 Safari/537.36\u001b[22m\n\u001b[2m    - accept: */*\u001b[22m\n\u001b[2m    - accept-encoding: gzip,deflate,br\u001b[22m\n","count":1,"skipped":false,"snippet":" \u001b[90m  9 |\u001b[39m         \u001b[36mconst\u001b[39m url \u001b[33m=\u001b[39m \u001b[32m`http://localhost:${p}/`\u001b[39m\n \u001b[90m 10 |\u001b[39m         \u001b[36mconst\u001b[39m resp \u001b[33m=\u001b[39m \u001b[36mawait\u001b[39m page\u001b[33m.\u001b[39mrequest\u001b[33m.\u001b[39m\u001b[36mget\u001b[39m(url)\n \u001b[90m    |\u001b[39m \u001b[31m\u001b[1m                                        ^\u001b[22m\u001b[39m\u001b[0m\n \u001b[90m 11 |\u001b[39m         \u001b[36mif\u001b[39m (resp \u001b[33m&&\u001b[39m resp\u001b[33m.\u001b[39mok()) \u001b[36mreturn\u001b[39m \u001b[32m`http://localhost:${p}`\u001b[39m"},{"title":"GET \"/\"","startTime":"2025-11-18T16:48:37.852Z","duration":313,"steps":[],"attachments":[],"location":{"file":"waitForFrontend.ts","line":10,"column":41},"error":"Error: apiRequestContext.get: connect ECONNREFUSED ::1:4173\nCall log:\n\u001b[2m  - → GET http://localhost:4173/\u001b[22m\n\u001b[2m    - user-agent: Mozilla/5.0 (Windows NT 10.0; Win64; x64) AppleWebKit/537.36 (KHTML, like Gecko) HeadlessChrome/141.0.7390.37 Safari/537.36\u001b[22m\n\u001b[2m    - accept: */*\u001b[22m\n\u001b[2m    - accept-encoding: gzip,deflate,br\u001b[22m\n","count":1,"skipped":false,"snippet":" \u001b[90m  9 |\u001b[39m         \u001b[36mconst\u001b[39m url \u001b[33m=\u001b[39m \u001b[32m`http://localhost:${p}/`\u001b[39m\n \u001b[90m 10 |\u001b[39m         \u001b[36mconst\u001b[39m resp \u001b[33m=\u001b[39m \u001b[36mawait\u001b[39m page\u001b[33m.\u001b[39mrequest\u001b[33m.\u001b[39m\u001b[36mget\u001b[39m(url)\n \u001b[90m    |\u001b[39m \u001b[31m\u001b[1m                                        ^\u001b[22m\u001b[39m\u001b[0m\n \u001b[90m 11 |\u001b[39m         \u001b[36mif\u001b[39m (resp \u001b[33m&&\u001b[39m resp\u001b[33m.\u001b[39mok()) \u001b[36mreturn\u001b[39m \u001b[32m`http://localhost:${p}`\u001b[39m"},{"title":"GET \"/\"","startTime":"2025-11-18T16:48:38.680Z","duration":315,"steps":[],"attachments":[],"location":{"file":"waitForFrontend.ts","line":10,"column":41},"error":"Error: apiRequestContext.get: connect ECONNREFUSED ::1:5173\nCall log:\n\u001b[2m  - → GET http://localhost:5173/\u001b[22m\n\u001b[2m    - user-agent: Mozilla/5.0 (Windows NT 10.0; Win64; x64) AppleWebKit/537.36 (KHTML, like Gecko) HeadlessChrome/141.0.7390.37 Safari/537.36\u001b[22m\n\u001b[2m    - accept: */*\u001b[22m\n\u001b[2m    - accept-encoding: gzip,deflate,br\u001b[22m\n","count":1,"skipped":false,"snippet":" \u001b[90m  9 |\u001b[39m         \u001b[36mconst\u001b[39m url \u001b[33m=\u001b[39m \u001b[32m`http://localhost:${p}/`\u001b[39m\n \u001b[90m 10 |\u001b[39m         \u001b[36mconst\u001b[39m resp \u001b[33m=\u001b[39m \u001b[36mawait\u001b[39m page\u001b[33m.\u001b[39mrequest\u001b[33m.\u001b[39m\u001b[36mget\u001b[39m(url)\n \u001b[90m    |\u001b[39m \u001b[31m\u001b[1m                                        ^\u001b[22m\u001b[39m\u001b[0m\n \u001b[90m 11 |\u001b[39m         \u001b[36mif\u001b[39m (resp \u001b[33m&&\u001b[39m resp\u001b[33m.\u001b[39mok()) \u001b[36mreturn\u001b[39m \u001b[32m`http://localhost:${p}`\u001b[39m"},{"title":"GET \"/\"","startTime":"2025-11-18T16:48:38.996Z","duration":314,"steps":[],"attachments":[],"location":{"file":"waitForFrontend.ts","line":10,"column":41},"error":"Error: apiRequestContext.get: connect ECONNREFUSED ::1:4173\nCall log:\n\u001b[2m  - → GET http://localhost:4173/\u001b[22m\n\u001b[2m    - user-agent: Mozilla/5.0 (Windows NT 10.0; Win64; x64) AppleWebKit/537.36 (KHTML, like Gecko) HeadlessChrome/141.0.7390.37 Safari/537.36\u001b[22m\n\u001b[2m    - accept: */*\u001b[22m\n\u001b[2m    - accept-encoding: gzip,deflate,br\u001b[22m\n","count":1,"skipped":false,"snippet":" \u001b[90m  9 |\u001b[39m         \u001b[36mconst\u001b[39m url \u001b[33m=\u001b[39m \u001b[32m`http://localhost:${p}/`\u001b[39m\n \u001b[90m 10 |\u001b[39m         \u001b[36mconst\u001b[39m resp \u001b[33m=\u001b[39m \u001b[36mawait\u001b[39m page\u001b[33m.\u001b[39mrequest\u001b[33m.\u001b[39m\u001b[36mget\u001b[39m(url)\n \u001b[90m    |\u001b[39m \u001b[31m\u001b[1m                                        ^\u001b[22m\u001b[39m\u001b[0m\n \u001b[90m 11 |\u001b[39m         \u001b[36mif\u001b[39m (resp \u001b[33m&&\u001b[39m resp\u001b[33m.\u001b[39mok()) \u001b[36mreturn\u001b[39m \u001b[32m`http://localhost:${p}`\u001b[39m"},{"title":"GET \"/\"","startTime":"2025-11-18T16:48:39.825Z","duration":312,"steps":[],"attachments":[],"location":{"file":"waitForFrontend.ts","line":10,"column":41},"error":"Error: apiRequestContext.get: connect ECONNREFUSED ::1:5173\nCall log:\n\u001b[2m  - → GET http://localhost:5173/\u001b[22m\n\u001b[2m    - user-agent: Mozilla/5.0 (Windows NT 10.0; Win64; x64) AppleWebKit/537.36 (KHTML, like Gecko) HeadlessChrome/141.0.7390.37 Safari/537.36\u001b[22m\n\u001b[2m    - accept: */*\u001b[22m\n\u001b[2m    - accept-encoding: gzip,deflate,br\u001b[22m\n","count":1,"skipped":false,"snippet":" \u001b[90m  9 |\u001b[39m         \u001b[36mconst\u001b[39m url \u001b[33m=\u001b[39m \u001b[32m`http://localhost:${p}/`\u001b[39m\n \u001b[90m 10 |\u001b[39m         \u001b[36mconst\u001b[39m resp \u001b[33m=\u001b[39m \u001b[36mawait\u001b[39m page\u001b[33m.\u001b[39mrequest\u001b[33m.\u001b[39m\u001b[36mget\u001b[39m(url)\n \u001b[90m    |\u001b[39m \u001b[31m\u001b[1m                                        ^\u001b[22m\u001b[39m\u001b[0m\n \u001b[90m 11 |\u001b[39m         \u001b[36mif\u001b[39m (resp \u001b[33m&&\u001b[39m resp\u001b[33m.\u001b[39mok()) \u001b[36mreturn\u001b[39m \u001b[32m`http://localhost:${p}`\u001b[39m"},{"title":"GET \"/\"","startTime":"2025-11-18T16:48:40.138Z","duration":303,"steps":[],"attachments":[],"location":{"file":"waitForFrontend.ts","line":10,"column":41},"error":"Error: apiRequestContext.get: connect ECONNREFUSED ::1:4173\nCall log:\n\u001b[2m  - → GET http://localhost:4173/\u001b[22m\n\u001b[2m    - user-agent: Mozilla/5.0 (Windows NT 10.0; Win64; x64) AppleWebKit/537.36 (KHTML, like Gecko) HeadlessChrome/141.0.7390.37 Safari/537.36\u001b[22m\n\u001b[2m    - accept: */*\u001b[22m\n\u001b[2m    - accept-encoding: gzip,deflate,br\u001b[22m\n","count":1,"skipped":false,"snippet":" \u001b[90m  9 |\u001b[39m         \u001b[36mconst\u001b[39m url \u001b[33m=\u001b[39m \u001b[32m`http://localhost:${p}/`\u001b[39m\n \u001b[90m 10 |\u001b[39m         \u001b[36mconst\u001b[39m resp \u001b[33m=\u001b[39m \u001b[36mawait\u001b[39m page\u001b[33m.\u001b[39mrequest\u001b[33m.\u001b[39m\u001b[36mget\u001b[39m(url)\n \u001b[90m    |\u001b[39m \u001b[31m\u001b[1m                                        ^\u001b[22m\u001b[39m\u001b[0m\n \u001b[90m 11 |\u001b[39m         \u001b[36mif\u001b[39m (resp \u001b[33m&&\u001b[39m resp\u001b[33m.\u001b[39mok()) \u001b[36mreturn\u001b[39m \u001b[32m`http://localhost:${p}`\u001b[39m"},{"title":"GET \"/\"","startTime":"2025-11-18T16:48:40.956Z","duration":313,"steps":[],"attachments":[],"location":{"file":"waitForFrontend.ts","line":10,"column":41},"error":"Error: apiRequestContext.get: connect ECONNREFUSED ::1:5173\nCall log:\n\u001b[2m  - → GET http://localhost:5173/\u001b[22m\n\u001b[2m    - user-agent: Mozilla/5.0 (Windows NT 10.0; Win64; x64) AppleWebKit/537.36 (KHTML, like Gecko) HeadlessChrome/141.0.7390.37 Safari/537.36\u001b[22m\n\u001b[2m    - accept: */*\u001b[22m\n\u001b[2m    - accept-encoding: gzip,deflate,br\u001b[22m\n","count":1,"skipped":false,"snippet":" \u001b[90m  9 |\u001b[39m         \u001b[36mconst\u001b[39m url \u001b[33m=\u001b[39m \u001b[32m`http://localhost:${p}/`\u001b[39m\n \u001b[90m 10 |\u001b[39m         \u001b[36mconst\u001b[39m resp \u001b[33m=\u001b[39m \u001b[36mawait\u001b[39m page\u001b[33m.\u001b[39mrequest\u001b[33m.\u001b[39m\u001b[36mget\u001b[39m(url)\n \u001b[90m    |\u001b[39m \u001b[31m\u001b[1m                                        ^\u001b[22m\u001b[39m\u001b[0m\n \u001b[90m 11 |\u001b[39m         \u001b[36mif\u001b[39m (resp \u001b[33m&&\u001b[39m resp\u001b[33m.\u001b[39mok()) \u001b[36mreturn\u001b[39m \u001b[32m`http://localhost:${p}`\u001b[39m"},{"title":"GET \"/\"","startTime":"2025-11-18T16:48:41.271Z","duration":316,"steps":[],"attachments":[],"location":{"file":"waitForFrontend.ts","line":10,"column":41},"error":"Error: apiRequestContext.get: connect ECONNREFUSED ::1:4173\nCall log:\n\u001b[2m  - → GET http://localhost:4173/\u001b[22m\n\u001b[2m    - user-agent: Mozilla/5.0 (Windows NT 10.0; Win64; x64) AppleWebKit/537.36 (KHTML, like Gecko) HeadlessChrome/141.0.7390.37 Safari/537.36\u001b[22m\n\u001b[2m    - accept: */*\u001b[22m\n\u001b[2m    - accept-encoding: gzip,deflate,br\u001b[22m\n","count":1,"skipped":false,"snippet":" \u001b[90m  9 |\u001b[39m         \u001b[36mconst\u001b[39m url \u001b[33m=\u001b[39m \u001b[32m`http://localhost:${p}/`\u001b[39m\n \u001b[90m 10 |\u001b[39m         \u001b[36mconst\u001b[39m resp \u001b[33m=\u001b[39m \u001b[36mawait\u001b[39m page\u001b[33m.\u001b[39mrequest\u001b[33m.\u001b[39m\u001b[36mget\u001b[39m(url)\n \u001b[90m    |\u001b[39m \u001b[31m\u001b[1m                                        ^\u001b[22m\u001b[39m\u001b[0m\n \u001b[90m 11 |\u001b[39m         \u001b[36mif\u001b[39m (resp \u001b[33m&&\u001b[39m resp\u001b[33m.\u001b[39mok()) \u001b[36mreturn\u001b[39m \u001b[32m`http://localhost:${p}`\u001b[39m"},{"title":"GET \"/\"","startTime":"2025-11-18T16:48:42.089Z","duration":316,"steps":[],"attachments":[],"location":{"file":"waitForFrontend.ts","line":10,"column":41},"error":"Error: apiRequestContext.get: connect ECONNREFUSED ::1:5173\nCall log:\n\u001b[2m  - → GET http://localhost:5173/\u001b[22m\n\u001b[2m    - user-agent: Mozilla/5.0 (Windows NT 10.0; Win64; x64) AppleWebKit/537.36 (KHTML, like Gecko) HeadlessChrome/141.0.7390.37 Safari/537.36\u001b[22m\n\u001b[2m    - accept: */*\u001b[22m\n\u001b[2m    - accept-encoding: gzip,deflate,br\u001b[22m\n","count":1,"skipped":false,"snippet":" \u001b[90m  9 |\u001b[39m         \u001b[36mconst\u001b[39m url \u001b[33m=\u001b[39m \u001b[32m`http://localhost:${p}/`\u001b[39m\n \u001b[90m 10 |\u001b[39m         \u001b[36mconst\u001b[39m resp \u001b[33m=\u001b[39m \u001b[36mawait\u001b[39m page\u001b[33m.\u001b[39mrequest\u001b[33m.\u001b[39m\u001b[36mget\u001b[39m(url)\n \u001b[90m    |\u001b[39m \u001b[31m\u001b[1m                                        ^\u001b[22m\u001b[39m\u001b[0m\n \u001b[90m 11 |\u001b[39m         \u001b[36mif\u001b[39m (resp \u001b[33m&&\u001b[39m resp\u001b[33m.\u001b[39mok()) \u001b[36mreturn\u001b[39m \u001b[32m`http://localhost:${p}`\u001b[39m"},{"title":"GET \"/\"","startTime":"2025-11-18T16:48:42.406Z","duration":317,"steps":[],"attachments":[],"location":{"file":"waitForFrontend.ts","line":10,"column":41},"error":"Error: apiRequestContext.get: connect ECONNREFUSED ::1:4173\nCall log:\n\u001b[2m  - → GET http://localhost:4173/\u001b[22m\n\u001b[2m    - user-agent: Mozilla/5.0 (Windows NT 10.0; Win64; x64) AppleWebKit/537.36 (KHTML, like Gecko) HeadlessChrome/141.0.7390.37 Safari/537.36\u001b[22m\n\u001b[2m    - accept: */*\u001b[22m\n\u001b[2m    - accept-encoding: gzip,deflate,br\u001b[22m\n","count":1,"skipped":false,"snippet":" \u001b[90m  9 |\u001b[39m         \u001b[36mconst\u001b[39m url \u001b[33m=\u001b[39m \u001b[32m`http://localhost:${p}/`\u001b[39m\n \u001b[90m 10 |\u001b[39m         \u001b[36mconst\u001b[39m resp \u001b[33m=\u001b[39m \u001b[36mawait\u001b[39m page\u001b[33m.\u001b[39mrequest\u001b[33m.\u001b[39m\u001b[36mget\u001b[39m(url)\n \u001b[90m    |\u001b[39m \u001b[31m\u001b[1m                                        ^\u001b[22m\u001b[39m\u001b[0m\n \u001b[90m 11 |\u001b[39m         \u001b[36mif\u001b[39m (resp \u001b[33m&&\u001b[39m resp\u001b[33m.\u001b[39mok()) \u001b[36mreturn\u001b[39m \u001b[32m`http://localhost:${p}`\u001b[39m"},{"title":"GET \"/\"","startTime":"2025-11-18T16:48:43.232Z","duration":316,"steps":[],"attachments":[],"location":{"file":"waitForFrontend.ts","line":10,"column":41},"error":"Error: apiRequestContext.get: connect ECONNREFUSED ::1:5173\nCall log:\n\u001b[2m  - → GET http://localhost:5173/\u001b[22m\n\u001b[2m    - user-agent: Mozilla/5.0 (Windows NT 10.0; Win64; x64) AppleWebKit/537.36 (KHTML, like Gecko) HeadlessChrome/141.0.7390.37 Safari/537.36\u001b[22m\n\u001b[2m    - accept: */*\u001b[22m\n\u001b[2m    - accept-encoding: gzip,deflate,br\u001b[22m\n","count":1,"skipped":false,"snippet":" \u001b[90m  9 |\u001b[39m         \u001b[36mconst\u001b[39m url \u001b[33m=\u001b[39m \u001b[32m`http://localhost:${p}/`\u001b[39m\n \u001b[90m 10 |\u001b[39m         \u001b[36mconst\u001b[39m resp \u001b[33m=\u001b[39m \u001b[36mawait\u001b[39m page\u001b[33m.\u001b[39mrequest\u001b[33m.\u001b[39m\u001b[36mget\u001b[39m(url)\n \u001b[90m    |\u001b[39m \u001b[31m\u001b[1m                                        ^\u001b[22m\u001b[39m\u001b[0m\n \u001b[90m 11 |\u001b[39m         \u001b[36mif\u001b[39m (resp \u001b[33m&&\u001b[39m resp\u001b[33m.\u001b[39mok()) \u001b[36mreturn\u001b[39m \u001b[32m`http://localhost:${p}`\u001b[39m"},{"title":"GET \"/\"","startTime":"2025-11-18T16:48:43.550Z","duration":309,"steps":[],"attachments":[],"location":{"file":"waitForFrontend.ts","line":10,"column":41},"error":"Error: apiRequestContext.get: connect ECONNREFUSED ::1:4173\nCall log:\n\u001b[2m  - → GET http://localhost:4173/\u001b[22m\n\u001b[2m    - user-agent: Mozilla/5.0 (Windows NT 10.0; Win64; x64) AppleWebKit/537.36 (KHTML, like Gecko) HeadlessChrome/141.0.7390.37 Safari/537.36\u001b[22m\n\u001b[2m    - accept: */*\u001b[22m\n\u001b[2m    - accept-encoding: gzip,deflate,br\u001b[22m\n","count":1,"skipped":false,"snippet":" \u001b[90m  9 |\u001b[39m         \u001b[36mconst\u001b[39m url \u001b[33m=\u001b[39m \u001b[32m`http://localhost:${p}/`\u001b[39m\n \u001b[90m 10 |\u001b[39m         \u001b[36mconst\u001b[39m resp \u001b[33m=\u001b[39m \u001b[36mawait\u001b[39m page\u001b[33m.\u001b[39mrequest\u001b[33m.\u001b[39m\u001b[36mget\u001b[39m(url)\n \u001b[90m    |\u001b[39m \u001b[31m\u001b[1m                                        ^\u001b[22m\u001b[39m\u001b[0m\n \u001b[90m 11 |\u001b[39m         \u001b[36mif\u001b[39m (resp \u001b[33m&&\u001b[39m resp\u001b[33m.\u001b[39mok()) \u001b[36mreturn\u001b[39m \u001b[32m`http://localhost:${p}`\u001b[39m"},{"title":"GET \"/\"","startTime":"2025-11-18T16:48:44.365Z","duration":310,"steps":[],"attachments":[],"location":{"file":"waitForFrontend.ts","line":10,"column":41},"error":"Error: apiRequestContext.get: connect ECONNREFUSED ::1:5173\nCall log:\n\u001b[2m  - → GET http://localhost:5173/\u001b[22m\n\u001b[2m    - user-agent: Mozilla/5.0 (Windows NT 10.0; Win64; x64) AppleWebKit/537.36 (KHTML, like Gecko) HeadlessChrome/141.0.7390.37 Safari/537.36\u001b[22m\n\u001b[2m    - accept: */*\u001b[22m\n\u001b[2m    - accept-encoding: gzip,deflate,br\u001b[22m\n","count":1,"skipped":false,"snippet":" \u001b[90m  9 |\u001b[39m         \u001b[36mconst\u001b[39m url \u001b[33m=\u001b[39m \u001b[32m`http://localhost:${p}/`\u001b[39m\n \u001b[90m 10 |\u001b[39m         \u001b[36mconst\u001b[39m resp \u001b[33m=\u001b[39m \u001b[36mawait\u001b[39m page\u001b[33m.\u001b[39mrequest\u001b[33m.\u001b[39m\u001b[36mget\u001b[39m(url)\n \u001b[90m    |\u001b[39m \u001b[31m\u001b[1m                                        ^\u001b[22m\u001b[39m\u001b[0m\n \u001b[90m 11 |\u001b[39m         \u001b[36mif\u001b[39m (resp \u001b[33m&&\u001b[39m resp\u001b[33m.\u001b[39mok()) \u001b[36mreturn\u001b[39m \u001b[32m`http://localhost:${p}`\u001b[39m"},{"title":"GET \"/\"","startTime":"2025-11-18T16:48:44.676Z","duration":303,"steps":[],"attachments":[],"location":{"file":"waitForFrontend.ts","line":10,"column":41},"error":"Error: apiRequestContext.get: connect ECONNREFUSED ::1:4173\nCall log:\n\u001b[2m  - → GET http://localhost:4173/\u001b[22m\n\u001b[2m    - user-agent: Mozilla/5.0 (Windows NT 10.0; Win64; x64) AppleWebKit/537.36 (KHTML, like Gecko) HeadlessChrome/141.0.7390.37 Safari/537.36\u001b[22m\n\u001b[2m    - accept: */*\u001b[22m\n\u001b[2m    - accept-encoding: gzip,deflate,br\u001b[22m\n","count":1,"skipped":false,"snippet":" \u001b[90m  9 |\u001b[39m         \u001b[36mconst\u001b[39m url \u001b[33m=\u001b[39m \u001b[32m`http://localhost:${p}/`\u001b[39m\n \u001b[90m 10 |\u001b[39m         \u001b[36mconst\u001b[39m resp \u001b[33m=\u001b[39m \u001b[36mawait\u001b[39m page\u001b[33m.\u001b[39mrequest\u001b[33m.\u001b[39m\u001b[36mget\u001b[39m(url)\n \u001b[90m    |\u001b[39m \u001b[31m\u001b[1m                                        ^\u001b[22m\u001b[39m\u001b[0m\n \u001b[90m 11 |\u001b[39m         \u001b[36mif\u001b[39m (resp \u001b[33m&&\u001b[39m resp\u001b[33m.\u001b[39mok()) \u001b[36mreturn\u001b[39m \u001b[32m`http://localhost:${p}`\u001b[39m"},{"title":"GET \"/\"","startTime":"2025-11-18T16:48:45.482Z","duration":316,"steps":[],"attachments":[],"location":{"file":"waitForFrontend.ts","line":10,"column":41},"error":"Error: apiRequestContext.get: connect ECONNREFUSED ::1:5173\nCall log:\n\u001b[2m  - → GET http://localhost:5173/\u001b[22m\n\u001b[2m    - user-agent: Mozilla/5.0 (Windows NT 10.0; Win64; x64) AppleWebKit/537.36 (KHTML, like Gecko) HeadlessChrome/141.0.7390.37 Safari/537.36\u001b[22m\n\u001b[2m    - accept: */*\u001b[22m\n\u001b[2m    - accept-encoding: gzip,deflate,br\u001b[22m\n","count":1,"skipped":false,"snippet":" \u001b[90m  9 |\u001b[39m         \u001b[36mconst\u001b[39m url \u001b[33m=\u001b[39m \u001b[32m`http://localhost:${p}/`\u001b[39m\n \u001b[90m 10 |\u001b[39m         \u001b[36mconst\u001b[39m resp \u001b[33m=\u001b[39m \u001b[36mawait\u001b[39m page\u001b[33m.\u001b[39mrequest\u001b[33m.\u001b[39m\u001b[36mget\u001b[39m(url)\n \u001b[90m    |\u001b[39m \u001b[31m\u001b[1m                                        ^\u001b[22m\u001b[39m\u001b[0m\n \u001b[90m 11 |\u001b[39m         \u001b[36mif\u001b[39m (resp \u001b[33m&&\u001b[39m resp\u001b[33m.\u001b[39mok()) \u001b[36mreturn\u001b[39m \u001b[32m`http://localhost:${p}`\u001b[39m"},{"title":"GET \"/\"","startTime":"2025-11-18T16:48:45.799Z","duration":316,"steps":[],"attachments":[],"location":{"file":"waitForFrontend.ts","line":10,"column":41},"error":"Error: apiRequestContext.get: connect ECONNREFUSED ::1:4173\nCall log:\n\u001b[2m  - → GET http://localhost:4173/\u001b[22m\n\u001b[2m    - user-agent: Mozilla/5.0 (Windows NT 10.0; Win64; x64) AppleWebKit/537.36 (KHTML, like Gecko) HeadlessChrome/141.0.7390.37 Safari/537.36\u001b[22m\n\u001b[2m    - accept: */*\u001b[22m\n\u001b[2m    - accept-encoding: gzip,deflate,br\u001b[22m\n","count":1,"skipped":false,"snippet":" \u001b[90m  9 |\u001b[39m         \u001b[36mconst\u001b[39m url \u001b[33m=\u001b[39m \u001b[32m`http://localhost:${p}/`\u001b[39m\n \u001b[90m 10 |\u001b[39m         \u001b[36mconst\u001b[39m resp \u001b[33m=\u001b[39m \u001b[36mawait\u001b[39m page\u001b[33m.\u001b[39mrequest\u001b[33m.\u001b[39m\u001b[36mget\u001b[39m(url)\n \u001b[90m    |\u001b[39m \u001b[31m\u001b[1m                                        ^\u001b[22m\u001b[39m\u001b[0m\n \u001b[90m 11 |\u001b[39m         \u001b[36mif\u001b[39m (resp \u001b[33m&&\u001b[39m resp\u001b[33m.\u001b[39mok()) \u001b[36mreturn\u001b[39m \u001b[32m`http://localhost:${p}`\u001b[39m"},{"title":"GET \"/\"","startTime":"2025-11-18T16:48:46.619Z","duration":316,"steps":[],"attachments":[],"location":{"file":"waitForFrontend.ts","line":10,"column":41},"error":"Error: apiRequestContext.get: connect ECONNREFUSED ::1:5173\nCall log:\n\u001b[2m  - → GET http://localhost:5173/\u001b[22m\n\u001b[2m    - user-agent: Mozilla/5.0 (Windows NT 10.0; Win64; x64) AppleWebKit/537.36 (KHTML, like Gecko) HeadlessChrome/141.0.7390.37 Safari/537.36\u001b[22m\n\u001b[2m    - accept: */*\u001b[22m\n\u001b[2m    - accept-encoding: gzip,deflate,br\u001b[22m\n","count":1,"skipped":false,"snippet":" \u001b[90m  9 |\u001b[39m         \u001b[36mconst\u001b[39m url \u001b[33m=\u001b[39m \u001b[32m`http://localhost:${p}/`\u001b[39m\n \u001b[90m 10 |\u001b[39m         \u001b[36mconst\u001b[39m resp \u001b[33m=\u001b[39m \u001b[36mawait\u001b[39m page\u001b[33m.\u001b[39mrequest\u001b[33m.\u001b[39m\u001b[36mget\u001b[39m(url)\n \u001b[90m    |\u001b[39m \u001b[31m\u001b[1m                                        ^\u001b[22m\u001b[39m\u001b[0m\n \u001b[90m 11 |\u001b[39m         \u001b[36mif\u001b[39m (resp \u001b[33m&&\u001b[39m resp\u001b[33m.\u001b[39mok()) \u001b[36mreturn\u001b[39m \u001b[32m`http://localhost:${p}`\u001b[39m"},{"title":"GET \"/\"","startTime":"2025-11-18T16:48:46.936Z","duration":314,"steps":[],"attachments":[],"location":{"file":"waitForFrontend.ts","line":10,"column":41},"error":"Error: apiRequestContext.get: connect ECONNREFUSED ::1:4173\nCall log:\n\u001b[2m  - → GET http://localhost:4173/\u001b[22m\n\u001b[2m    - user-agent: Mozilla/5.0 (Windows NT 10.0; Win64; x64) AppleWebKit/537.36 (KHTML, like Gecko) HeadlessChrome/141.0.7390.37 Safari/537.36\u001b[22m\n\u001b[2m    - accept: */*\u001b[22m\n\u001b[2m    - accept-encoding: gzip,deflate,br\u001b[22m\n","count":1,"skipped":false,"snippet":" \u001b[90m  9 |\u001b[39m         \u001b[36mconst\u001b[39m url \u001b[33m=\u001b[39m \u001b[32m`http://localhost:${p}/`\u001b[39m\n \u001b[90m 10 |\u001b[39m         \u001b[36mconst\u001b[39m resp \u001b[33m=\u001b[39m \u001b[36mawait\u001b[39m page\u001b[33m.\u001b[39mrequest\u001b[33m.\u001b[39m\u001b[36mget\u001b[39m(url)\n \u001b[90m    |\u001b[39m \u001b[31m\u001b[1m                                        ^\u001b[22m\u001b[39m\u001b[0m\n \u001b[90m 11 |\u001b[39m         \u001b[36mif\u001b[39m (resp \u001b[33m&&\u001b[39m resp\u001b[33m.\u001b[39mok()) \u001b[36mreturn\u001b[39m \u001b[32m`http://localhost:${p}`\u001b[39m"},{"title":"GET \"/\"","startTime":"2025-11-18T16:48:47.754Z","duration":318,"steps":[],"attachments":[],"location":{"file":"waitForFrontend.ts","line":10,"column":41},"error":"Error: apiRequestContext.get: connect ECONNREFUSED ::1:5173\nCall log:\n\u001b[2m  - → GET http://localhost:5173/\u001b[22m\n\u001b[2m    - user-agent: Mozilla/5.0 (Windows NT 10.0; Win64; x64) AppleWebKit/537.36 (KHTML, like Gecko) HeadlessChrome/141.0.7390.37 Safari/537.36\u001b[22m\n\u001b[2m    - accept: */*\u001b[22m\n\u001b[2m    - accept-encoding: gzip,deflate,br\u001b[22m\n","count":1,"skipped":false,"snippet":" \u001b[90m  9 |\u001b[39m         \u001b[36mconst\u001b[39m url \u001b[33m=\u001b[39m \u001b[32m`http://localhost:${p}/`\u001b[39m\n \u001b[90m 10 |\u001b[39m         \u001b[36mconst\u001b[39m resp \u001b[33m=\u001b[39m \u001b[36mawait\u001b[39m page\u001b[33m.\u001b[39mrequest\u001b[33m.\u001b[39m\u001b[36mget\u001b[39m(url)\n \u001b[90m    |\u001b[39m \u001b[31m\u001b[1m                                        ^\u001b[22m\u001b[39m\u001b[0m\n \u001b[90m 11 |\u001b[39m         \u001b[36mif\u001b[39m (resp \u001b[33m&&\u001b[39m resp\u001b[33m.\u001b[39mok()) \u001b[36mreturn\u001b[39m \u001b[32m`http://localhost:${p}`\u001b[39m"},{"title":"GET \"/\"","startTime":"2025-11-18T16:48:48.072Z","duration":313,"steps":[],"attachments":[],"location":{"file":"waitForFrontend.ts","line":10,"column":41},"error":"Error: apiRequestContext.get: connect ECONNREFUSED ::1:4173\nCall log:\n\u001b[2m  - → GET http://localhost:4173/\u001b[22m\n\u001b[2m    - user-agent: Mozilla/5.0 (Windows NT 10.0; Win64; x64) AppleWebKit/537.36 (KHTML, like Gecko) HeadlessChrome/141.0.7390.37 Safari/537.36\u001b[22m\n\u001b[2m    - accept: */*\u001b[22m\n\u001b[2m    - accept-encoding: gzip,deflate,br\u001b[22m\n","count":1,"skipped":false,"snippet":" \u001b[90m  9 |\u001b[39m         \u001b[36mconst\u001b[39m url \u001b[33m=\u001b[39m \u001b[32m`http://localhost:${p}/`\u001b[39m\n \u001b[90m 10 |\u001b[39m         \u001b[36mconst\u001b[39m resp \u001b[33m=\u001b[39m \u001b[36mawait\u001b[39m page\u001b[33m.\u001b[39mrequest\u001b[33m.\u001b[39m\u001b[36mget\u001b[39m(url)\n \u001b[90m    |\u001b[39m \u001b[31m\u001b[1m                                        ^\u001b[22m\u001b[39m\u001b[0m\n \u001b[90m 11 |\u001b[39m         \u001b[36mif\u001b[39m (resp \u001b[33m&&\u001b[39m resp\u001b[33m.\u001b[39mok()) \u001b[36mreturn\u001b[39m \u001b[32m`http://localhost:${p}`\u001b[39m"},{"title":"GET \"/\"","startTime":"2025-11-18T16:48:48.888Z","duration":314,"steps":[],"attachments":[],"location":{"file":"waitForFrontend.ts","line":10,"column":41},"error":"Error: apiRequestContext.get: connect ECONNREFUSED ::1:5173\nCall log:\n\u001b[2m  - → GET http://localhost:5173/\u001b[22m\n\u001b[2m    - user-agent: Mozilla/5.0 (Windows NT 10.0; Win64; x64) AppleWebKit/537.36 (KHTML, like Gecko) HeadlessChrome/141.0.7390.37 Safari/537.36\u001b[22m\n\u001b[2m    - accept: */*\u001b[22m\n\u001b[2m    - accept-encoding: gzip,deflate,br\u001b[22m\n","count":1,"skipped":false,"snippet":" \u001b[90m  9 |\u001b[39m         \u001b[36mconst\u001b[39m url \u001b[33m=\u001b[39m \u001b[32m`http://localhost:${p}/`\u001b[39m\n \u001b[90m 10 |\u001b[39m         \u001b[36mconst\u001b[39m resp \u001b[33m=\u001b[39m \u001b[36mawait\u001b[39m page\u001b[33m.\u001b[39mrequest\u001b[33m.\u001b[39m\u001b[36mget\u001b[39m(url)\n \u001b[90m    |\u001b[39m \u001b[31m\u001b[1m                                        ^\u001b[22m\u001b[39m\u001b[0m\n \u001b[90m 11 |\u001b[39m         \u001b[36mif\u001b[39m (resp \u001b[33m&&\u001b[39m resp\u001b[33m.\u001b[39mok()) \u001b[36mreturn\u001b[39m \u001b[32m`http://localhost:${p}`\u001b[39m"},{"title":"GET \"/\"","startTime":"2025-11-18T16:48:49.205Z","duration":309,"steps":[],"attachments":[],"location":{"file":"waitForFrontend.ts","line":10,"column":41},"error":"Error: apiRequestContext.get: connect ECONNREFUSED ::1:4173\nCall log:\n\u001b[2m  - → GET http://localhost:4173/\u001b[22m\n\u001b[2m    - user-agent: Mozilla/5.0 (Windows NT 10.0; Win64; x64) AppleWebKit/537.36 (KHTML, like Gecko) HeadlessChrome/141.0.7390.37 Safari/537.36\u001b[22m\n\u001b[2m    - accept: */*\u001b[22m\n\u001b[2m    - accept-encoding: gzip,deflate,br\u001b[22m\n","count":1,"skipped":false,"snippet":" \u001b[90m  9 |\u001b[39m         \u001b[36mconst\u001b[39m url \u001b[33m=\u001b[39m \u001b[32m`http://localhost:${p}/`\u001b[39m\n \u001b[90m 10 |\u001b[39m         \u001b[36mconst\u001b[39m resp \u001b[33m=\u001b[39m \u001b[36mawait\u001b[39m page\u001b[33m.\u001b[39mrequest\u001b[33m.\u001b[39m\u001b[36mget\u001b[39m(url)\n \u001b[90m    |\u001b[39m \u001b[31m\u001b[1m                                        ^\u001b[22m\u001b[39m\u001b[0m\n \u001b[90m 11 |\u001b[39m         \u001b[36mif\u001b[39m (resp \u001b[33m&&\u001b[39m resp\u001b[33m.\u001b[39mok()) \u001b[36mreturn\u001b[39m \u001b[32m`http://localhost:${p}`\u001b[39m"},{"title":"GET \"/\"","startTime":"2025-11-18T16:48:50.022Z","duration":314,"steps":[],"attachments":[],"location":{"file":"waitForFrontend.ts","line":10,"column":41},"error":"Error: apiRequestContext.get: connect ECONNREFUSED ::1:5173\nCall log:\n\u001b[2m  - → GET http://localhost:5173/\u001b[22m\n\u001b[2m    - user-agent: Mozilla/5.0 (Windows NT 10.0; Win64; x64) AppleWebKit/537.36 (KHTML, like Gecko) HeadlessChrome/141.0.7390.37 Safari/537.36\u001b[22m\n\u001b[2m    - accept: */*\u001b[22m\n\u001b[2m    - accept-encoding: gzip,deflate,br\u001b[22m\n","count":1,"skipped":false,"snippet":" \u001b[90m  9 |\u001b[39m         \u001b[36mconst\u001b[39m url \u001b[33m=\u001b[39m \u001b[32m`http://localhost:${p}/`\u001b[39m\n \u001b[90m 10 |\u001b[39m         \u001b[36mconst\u001b[39m resp \u001b[33m=\u001b[39m \u001b[36mawait\u001b[39m page\u001b[33m.\u001b[39mrequest\u001b[33m.\u001b[39m\u001b[36mget\u001b[39m(url)\n \u001b[90m    |\u001b[39m \u001b[31m\u001b[1m                                        ^\u001b[22m\u001b[39m\u001b[0m\n \u001b[90m 11 |\u001b[39m         \u001b[36mif\u001b[39m (resp \u001b[33m&&\u001b[39m resp\u001b[33m.\u001b[39mok()) \u001b[36mreturn\u001b[39m \u001b[32m`http://localhost:${p}`\u001b[39m"},{"title":"GET \"/\"","startTime":"2025-11-18T16:48:50.337Z","duration":313,"steps":[],"attachments":[],"location":{"file":"waitForFrontend.ts","line":10,"column":41},"error":"Error: apiRequestContext.get: connect ECONNREFUSED ::1:4173\nCall log:\n\u001b[2m  - → GET http://localhost:4173/\u001b[22m\n\u001b[2m    - user-agent: Mozilla/5.0 (Windows NT 10.0; Win64; x64) AppleWebKit/537.36 (KHTML, like Gecko) HeadlessChrome/141.0.7390.37 Safari/537.36\u001b[22m\n\u001b[2m    - accept: */*\u001b[22m\n\u001b[2m    - accept-encoding: gzip,deflate,br\u001b[22m\n","count":1,"skipped":false,"snippet":" \u001b[90m  9 |\u001b[39m         \u001b[36mconst\u001b[39m url \u001b[33m=\u001b[39m \u001b[32m`http://localhost:${p}/`\u001b[39m\n \u001b[90m 10 |\u001b[39m         \u001b[36mconst\u001b[39m resp \u001b[33m=\u001b[39m \u001b[36mawait\u001b[39m page\u001b[33m.\u001b[39mrequest\u001b[33m.\u001b[39m\u001b[36mget\u001b[39m(url)\n \u001b[90m    |\u001b[39m \u001b[31m\u001b[1m                                        ^\u001b[22m\u001b[39m\u001b[0m\n \u001b[90m 11 |\u001b[39m         \u001b[36mif\u001b[39m (resp \u001b[33m&&\u001b[39m resp\u001b[33m.\u001b[39mok()) \u001b[36mreturn\u001b[39m \u001b[32m`http://localhost:${p}`\u001b[39m"},{"title":"GET \"/\"","startTime":"2025-11-18T16:48:51.153Z","duration":308,"steps":[],"attachments":[],"location":{"file":"waitForFrontend.ts","line":10,"column":41},"error":"Error: apiRequestContext.get: connect ECONNREFUSED ::1:5173\nCall log:\n\u001b[2m  - → GET http://localhost:5173/\u001b[22m\n\u001b[2m    - user-agent: Mozilla/5.0 (Windows NT 10.0; Win64; x64) AppleWebKit/537.36 (KHTML, like Gecko) HeadlessChrome/141.0.7390.37 Safari/537.36\u001b[22m\n\u001b[2m    - accept: */*\u001b[22m\n\u001b[2m    - accept-encoding: gzip,deflate,br\u001b[22m\n","count":1,"skipped":false,"snippet":" \u001b[90m  9 |\u001b[39m         \u001b[36mconst\u001b[39m url \u001b[33m=\u001b[39m \u001b[32m`http://localhost:${p}/`\u001b[39m\n \u001b[90m 10 |\u001b[39m         \u001b[36mconst\u001b[39m resp \u001b[33m=\u001b[39m \u001b[36mawait\u001b[39m page\u001b[33m.\u001b[39mrequest\u001b[33m.\u001b[39m\u001b[36mget\u001b[39m(url)\n \u001b[90m    |\u001b[39m \u001b[31m\u001b[1m                                        ^\u001b[22m\u001b[39m\u001b[0m\n \u001b[90m 11 |\u001b[39m         \u001b[36mif\u001b[39m (resp \u001b[33m&&\u001b[39m resp\u001b[33m.\u001b[39mok()) \u001b[36mreturn\u001b[39m \u001b[32m`http://localhost:${p}`\u001b[39m"},{"title":"GET \"/\"","startTime":"2025-11-18T16:48:51.463Z","duration":312,"steps":[],"attachments":[],"location":{"file":"waitForFrontend.ts","line":10,"column":41},"error":"Error: apiRequestContext.get: connect ECONNREFUSED ::1:4173\nCall log:\n\u001b[2m  - → GET http://localhost:4173/\u001b[22m\n\u001b[2m    - user-agent: Mozilla/5.0 (Windows NT 10.0; Win64; x64) AppleWebKit/537.36 (KHTML, like Gecko) HeadlessChrome/141.0.7390.37 Safari/537.36\u001b[22m\n\u001b[2m    - accept: */*\u001b[22m\n\u001b[2m    - accept-encoding: gzip,deflate,br\u001b[22m\n","count":1,"skipped":false,"snippet":" \u001b[90m  9 |\u001b[39m         \u001b[36mconst\u001b[39m url \u001b[33m=\u001b[39m \u001b[32m`http://localhost:${p}/`\u001b[39m\n \u001b[90m 10 |\u001b[39m         \u001b[36mconst\u001b[39m resp \u001b[33m=\u001b[39m \u001b[36mawait\u001b[39m page\u001b[33m.\u001b[39mrequest\u001b[33m.\u001b[39m\u001b[36mget\u001b[39m(url)\n \u001b[90m    |\u001b[39m \u001b[31m\u001b[1m                                        ^\u001b[22m\u001b[39m\u001b[0m\n \u001b[90m 11 |\u001b[39m         \u001b[36mif\u001b[39m (resp \u001b[33m&&\u001b[39m resp\u001b[33m.\u001b[39mok()) \u001b[36mreturn\u001b[39m \u001b[32m`http://localhost:${p}`\u001b[39m"},{"title":"GET \"/\"","startTime":"2025-11-18T16:48:52.292Z","duration":317,"steps":[],"attachments":[],"location":{"file":"waitForFrontend.ts","line":10,"column":41},"error":"Error: apiRequestContext.get: connect ECONNREFUSED ::1:5173\nCall log:\n\u001b[2m  - → GET http://localhost:5173/\u001b[22m\n\u001b[2m    - user-agent: Mozilla/5.0 (Windows NT 10.0; Win64; x64) AppleWebKit/537.36 (KHTML, like Gecko) HeadlessChrome/141.0.7390.37 Safari/537.36\u001b[22m\n\u001b[2m    - accept: */*\u001b[22m\n\u001b[2m    - accept-encoding: gzip,deflate,br\u001b[22m\n","count":1,"skipped":false,"snippet":" \u001b[90m  9 |\u001b[39m         \u001b[36mconst\u001b[39m url \u001b[33m=\u001b[39m \u001b[32m`http://localhost:${p}/`\u001b[39m\n \u001b[90m 10 |\u001b[39m         \u001b[36mconst\u001b[39m resp \u001b[33m=\u001b[39m \u001b[36mawait\u001b[39m page\u001b[33m.\u001b[39mrequest\u001b[33m.\u001b[39m\u001b[36mget\u001b[39m(url)\n \u001b[90m    |\u001b[39m \u001b[31m\u001b[1m                                        ^\u001b[22m\u001b[39m\u001b[0m\n \u001b[90m 11 |\u001b[39m         \u001b[36mif\u001b[39m (resp \u001b[33m&&\u001b[39m resp\u001b[33m.\u001b[39mok()) \u001b[36mreturn\u001b[39m \u001b[32m`http://localhost:${p}`\u001b[39m"},{"title":"GET \"/\"","startTime":"2025-11-18T16:48:52.610Z","duration":309,"steps":[],"attachments":[],"location":{"file":"waitForFrontend.ts","line":10,"column":41},"error":"Error: apiRequestContext.get: connect ECONNREFUSED ::1:4173\nCall log:\n\u001b[2m  - → GET http://localhost:4173/\u001b[22m\n\u001b[2m    - user-agent: Mozilla/5.0 (Windows NT 10.0; Win64; x64) AppleWebKit/537.36 (KHTML, like Gecko) HeadlessChrome/141.0.7390.37 Safari/537.36\u001b[22m\n\u001b[2m    - accept: */*\u001b[22m\n\u001b[2m    - accept-encoding: gzip,deflate,br\u001b[22m\n","count":1,"skipped":false,"snippet":" \u001b[90m  9 |\u001b[39m         \u001b[36mconst\u001b[39m url \u001b[33m=\u001b[39m \u001b[32m`http://localhost:${p}/`\u001b[39m\n \u001b[90m 10 |\u001b[39m         \u001b[36mconst\u001b[39m resp \u001b[33m=\u001b[39m \u001b[36mawait\u001b[39m page\u001b[33m.\u001b[39mrequest\u001b[33m.\u001b[39m\u001b[36mget\u001b[39m(url)\n \u001b[90m    |\u001b[39m \u001b[31m\u001b[1m                                        ^\u001b[22m\u001b[39m\u001b[0m\n \u001b[90m 11 |\u001b[39m         \u001b[36mif\u001b[39m (resp \u001b[33m&&\u001b[39m resp\u001b[33m.\u001b[39mok()) \u001b[36mreturn\u001b[39m \u001b[32m`http://localhost:${p}`\u001b[39m"},{"title":"GET \"/\"","startTime":"2025-11-18T16:48:53.434Z","duration":313,"steps":[],"attachments":[],"location":{"file":"waitForFrontend.ts","line":10,"column":41},"error":"Error: apiRequestContext.get: connect ECONNREFUSED ::1:5173\nCall log:\n\u001b[2m  - → GET http://localhost:5173/\u001b[22m\n\u001b[2m    - user-agent: Mozilla/5.0 (Windows NT 10.0; Win64; x64) AppleWebKit/537.36 (KHTML, like Gecko) HeadlessChrome/141.0.7390.37 Safari/537.36\u001b[22m\n\u001b[2m    - accept: */*\u001b[22m\n\u001b[2m    - accept-encoding: gzip,deflate,br\u001b[22m\n","count":1,"skipped":false,"snippet":" \u001b[90m  9 |\u001b[39m         \u001b[36mconst\u001b[39m url \u001b[33m=\u001b[39m \u001b[32m`http://localhost:${p}/`\u001b[39m\n \u001b[90m 10 |\u001b[39m         \u001b[36mconst\u001b[39m resp \u001b[33m=\u001b[39m \u001b[36mawait\u001b[39m page\u001b[33m.\u001b[39mrequest\u001b[33m.\u001b[39m\u001b[36mget\u001b[39m(url)\n \u001b[90m    |\u001b[39m \u001b[31m\u001b[1m                                        ^\u001b[22m\u001b[39m\u001b[0m\n \u001b[90m 11 |\u001b[39m         \u001b[36mif\u001b[39m (resp \u001b[33m&&\u001b[39m resp\u001b[33m.\u001b[39mok()) \u001b[36mreturn\u001b[39m \u001b[32m`http://localhost:${p}`\u001b[39m"},{"title":"GET \"/\"","startTime":"2025-11-18T16:48:53.749Z","duration":313,"steps":[],"attachments":[],"location":{"file":"waitForFrontend.ts","line":10,"column":41},"error":"Error: apiRequestContext.get: connect ECONNREFUSED ::1:4173\nCall log:\n\u001b[2m  - → GET http://localhost:4173/\u001b[22m\n\u001b[2m    - user-agent: Mozilla/5.0 (Windows NT 10.0; Win64; x64) AppleWebKit/537.36 (KHTML, like Gecko) HeadlessChrome/141.0.7390.37 Safari/537.36\u001b[22m\n\u001b[2m    - accept: */*\u001b[22m\n\u001b[2m    - accept-encoding: gzip,deflate,br\u001b[22m\n","count":1,"skipped":false,"snippet":" \u001b[90m  9 |\u001b[39m         \u001b[36mconst\u001b[39m url \u001b[33m=\u001b[39m \u001b[32m`http://localhost:${p}/`\u001b[39m\n \u001b[90m 10 |\u001b[39m         \u001b[36mconst\u001b[39m resp \u001b[33m=\u001b[39m \u001b[36mawait\u001b[39m page\u001b[33m.\u001b[39mrequest\u001b[33m.\u001b[39m\u001b[36mget\u001b[39m(url)\n \u001b[90m    |\u001b[39m \u001b[31m\u001b[1m                                        ^\u001b[22m\u001b[39m\u001b[0m\n \u001b[90m 11 |\u001b[39m         \u001b[36mif\u001b[39m (resp \u001b[33m&&\u001b[39m resp\u001b[33m.\u001b[39mok()) \u001b[36mreturn\u001b[39m \u001b[32m`http://localhost:${p}`\u001b[39m"},{"title":"GET \"/\"","startTime":"2025-11-18T16:48:54.577Z","duration":312,"steps":[],"attachments":[],"location":{"file":"waitForFrontend.ts","line":10,"column":41},"error":"Error: apiRequestContext.get: connect ECONNREFUSED ::1:5173\nCall log:\n\u001b[2m  - → GET http://localhost:5173/\u001b[22m\n\u001b[2m    - user-agent: Mozilla/5.0 (Windows NT 10.0; Win64; x64) AppleWebKit/537.36 (KHTML, like Gecko) HeadlessChrome/141.0.7390.37 Safari/537.36\u001b[22m\n\u001b[2m    - accept: */*\u001b[22m\n\u001b[2m    - accept-encoding: gzip,deflate,br\u001b[22m\n","count":1,"skipped":false,"snippet":" \u001b[90m  9 |\u001b[39m         \u001b[36mconst\u001b[39m url \u001b[33m=\u001b[39m \u001b[32m`http://localhost:${p}/`\u001b[39m\n \u001b[90m 10 |\u001b[39m         \u001b[36mconst\u001b[39m resp \u001b[33m=\u001b[39m \u001b[36mawait\u001b[39m page\u001b[33m.\u001b[39mrequest\u001b[33m.\u001b[39m\u001b[36mget\u001b[39m(url)\n \u001b[90m    |\u001b[39m \u001b[31m\u001b[1m                                        ^\u001b[22m\u001b[39m\u001b[0m\n \u001b[90m 11 |\u001b[39m         \u001b[36mif\u001b[39m (resp \u001b[33m&&\u001b[39m resp\u001b[33m.\u001b[39mok()) \u001b[36mreturn\u001b[39m \u001b[32m`http://localhost:${p}`\u001b[39m"},{"title":"GET \"/\"","startTime":"2025-11-18T16:48:54.891Z","duration":323,"steps":[],"attachments":[],"location":{"file":"waitForFrontend.ts","line":10,"column":41},"error":"Error: apiRequestContext.get: connect ECONNREFUSED ::1:4173\nCall log:\n\u001b[2m  - → GET http://localhost:4173/\u001b[22m\n\u001b[2m    - user-agent: Mozilla/5.0 (Windows NT 10.0; Win64; x64) AppleWebKit/537.36 (KHTML, like Gecko) HeadlessChrome/141.0.7390.37 Safari/537.36\u001b[22m\n\u001b[2m    - accept: */*\u001b[22m\n\u001b[2m    - accept-encoding: gzip,deflate,br\u001b[22m\n","count":1,"skipped":false,"snippet":" \u001b[90m  9 |\u001b[39m         \u001b[36mconst\u001b[39m url \u001b[33m=\u001b[39m \u001b[32m`http://localhost:${p}/`\u001b[39m\n \u001b[90m 10 |\u001b[39m         \u001b[36mconst\u001b[39m resp \u001b[33m=\u001b[39m \u001b[36mawait\u001b[39m page\u001b[33m.\u001b[39mrequest\u001b[33m.\u001b[39m\u001b[36mget\u001b[39m(url)\n \u001b[90m    |\u001b[39m \u001b[31m\u001b[1m                                        ^\u001b[22m\u001b[39m\u001b[0m\n \u001b[90m 11 |\u001b[39m         \u001b[36mif\u001b[39m (resp \u001b[33m&&\u001b[39m resp\u001b[33m.\u001b[39mok()) \u001b[36mreturn\u001b[39m \u001b[32m`http://localhost:${p}`\u001b[39m"},{"title":"GET \"/\"","startTime":"2025-11-18T16:48:55.724Z","duration":315,"steps":[],"attachments":[],"location":{"file":"waitForFrontend.ts","line":10,"column":41},"error":"Error: apiRequestContext.get: connect ECONNREFUSED ::1:5173\nCall log:\n\u001b[2m  - → GET http://localhost:5173/\u001b[22m\n\u001b[2m    - user-agent: Mozilla/5.0 (Windows NT 10.0; Win64; x64) AppleWebKit/537.36 (KHTML, like Gecko) HeadlessChrome/141.0.7390.37 Safari/537.36\u001b[22m\n\u001b[2m    - accept: */*\u001b[22m\n\u001b[2m    - accept-encoding: gzip,deflate,br\u001b[22m\n","count":1,"skipped":false,"snippet":" \u001b[90m  9 |\u001b[39m         \u001b[36mconst\u001b[39m url \u001b[33m=\u001b[39m \u001b[32m`http://localhost:${p}/`\u001b[39m\n \u001b[90m 10 |\u001b[39m         \u001b[36mconst\u001b[39m resp \u001b[33m=\u001b[39m \u001b[36mawait\u001b[39m page\u001b[33m.\u001b[39mrequest\u001b[33m.\u001b[39m\u001b[36mget\u001b[39m(url)\n \u001b[90m    |\u001b[39m \u001b[31m\u001b[1m                                        ^\u001b[22m\u001b[39m\u001b[0m\n \u001b[90m 11 |\u001b[39m         \u001b[36mif\u001b[39m (resp \u001b[33m&&\u001b[39m resp\u001b[33m.\u001b[39mok()) \u001b[36mreturn\u001b[39m \u001b[32m`http://localhost:${p}`\u001b[39m"},{"title":"GET \"/\"","startTime":"2025-11-18T16:48:56.040Z","duration":114,"steps":[],"attachments":[],"location":{"file":"waitForFrontend.ts","line":10,"column":41},"error":"Error: apiRequestContext.get: Target page, context or browser has been closed\nCall log:\n\u001b[2m  - → GET http://localhost:4173/\u001b[22m\n\u001b[2m    - user-agent: Mozilla/5.0 (Windows NT 10.0; Win64; x64) AppleWebKit/537.36 (KHTML, like Gecko) HeadlessChrome/141.0.7390.37 Safari/537.36\u001b[22m\n\u001b[2m    - accept: */*\u001b[22m\n\u001b[2m    - accept-encoding: gzip,deflate,br\u001b[22m\n","count":1,"skipped":false,"snippet":" \u001b[90m  9 |\u001b[39m         \u001b[36mconst\u001b[39m url \u001b[33m=\u001b[39m \u001b[32m`http://localhost:${p}/`\u001b[39m\n \u001b[90m 10 |\u001b[39m         \u001b[36mconst\u001b[39m resp \u001b[33m=\u001b[39m \u001b[36mawait\u001b[39m page\u001b[33m.\u001b[39mrequest\u001b[33m.\u001b[39m\u001b[36mget\u001b[39m(url)\n \u001b[90m    |\u001b[39m \u001b[31m\u001b[1m                                        ^\u001b[22m\u001b[39m\u001b[0m\n \u001b[90m 11 |\u001b[39m         \u001b[36mif\u001b[39m (resp \u001b[33m&&\u001b[39m resp\u001b[33m.\u001b[39mok()) \u001b[36mreturn\u001b[39m \u001b[32m`http://localhost:${p}`\u001b[39m"},{"title":"After Hooks","startTime":"2025-11-18T16:48:56.144Z","duration":35,"steps":[{"title":"Fixture \"page\"","startTime":"2025-11-18T16:48:56.145Z","duration":0,"steps":[],"attachments":[],"count":1,"skipped":false},{"title":"Fixture \"context\"","startTime":"2025-11-18T16:48:56.146Z","duration":24,"steps":[{"title":"Close context","startTime":"2025-11-18T16:48:56.154Z","duration":15,"steps":[],"attachments":[],"error":"Error: browserContext.close: Test ended.\nBrowser logs:\n\n<launching> C:\\Users\\abhir\\AppData\\Local\\ms-playwright\\chromium_headless_shell-1194\\chrome-win\\headless_shell.exe --disable-field-trial-config --disable-background-networking --disable-background-timer-throttling --disable-backgrounding-occluded-windows --disable-back-forward-cache --disable-breakpad --disable-client-side-phishing-detection --disable-component-extensions-with-background-pages --disable-component-update --no-default-browser-check --disable-default-apps --disable-dev-shm-usage --disable-extensions --disable-features=AcceptCHFrame,AvoidUnnecessaryBeforeUnloadCheckSync,DestroyProfileOnBrowserClose,DialMediaRouteProvider,GlobalMediaControls,HttpsUpgrades,LensOverlay,MediaRouter,PaintHolding,ThirdPartyStoragePartitioning,Translate,AutoDeElevate,RenderDocument --enable-features=CDPScreenshotNewSurface --allow-pre-commit-input --disable-hang-monitor --disable-ipc-flooding-protection --disable-popup-blocking --disable-prompt-on-repost --disable-renderer-backgrounding --force-color-profile=srgb --metrics-recording-only --no-first-run --password-store=basic --use-mock-keychain --no-service-autorun --export-tagged-pdf --disable-search-engine-choice-screen --unsafely-disable-devtools-self-xss-warnings --edge-skip-compat-layer-relaunch --enable-automation --headless --hide-scrollbars --mute-audio --blink-settings=primaryHoverType=2,availableHoverTypes=2,primaryPointerType=4,availablePointerTypes=4 --no-sandbox --user-data-dir=C:\\Users\\abhir\\AppData\\Local\\Temp\\playwright_chromiumdev_profile-GLfL9O --remote-debugging-pipe --no-startup-window\n<launched> pid=16560","count":1,"skipped":false}],"attachments":[],"error":"Error: browserContext.close: Test ended.\nBrowser logs:\n\n<launching> C:\\Users\\abhir\\AppData\\Local\\ms-playwright\\chromium_headless_shell-1194\\chrome-win\\headless_shell.exe --disable-field-trial-config --disable-background-networking --disable-background-timer-throttling --disable-backgrounding-occluded-windows --disable-back-forward-cache --disable-breakpad --disable-client-side-phishing-detection --disable-component-extensions-with-background-pages --disable-component-update --no-default-browser-check --disable-default-apps --disable-dev-shm-usage --disable-extensions --disable-features=AcceptCHFrame,AvoidUnnecessaryBeforeUnloadCheckSync,DestroyProfileOnBrowserClose,DialMediaRouteProvider,GlobalMediaControls,HttpsUpgrades,LensOverlay,MediaRouter,PaintHolding,ThirdPartyStoragePartitioning,Translate,AutoDeElevate,RenderDocument --enable-features=CDPScreenshotNewSurface --allow-pre-commit-input --disable-hang-monitor --disable-ipc-flooding-protection --disable-popup-blocking --disable-prompt-on-repost --disable-renderer-backgrounding --force-color-profile=srgb --metrics-recording-only --no-first-run --password-store=basic --use-mock-keychain --no-service-autorun --export-tagged-pdf --disable-search-engine-choice-screen --unsafely-disable-devtools-self-xss-warnings --edge-skip-compat-layer-relaunch --enable-automation --headless --hide-scrollbars --mute-audio --blink-settings=primaryHoverType=2,availableHoverTypes=2,primaryPointerType=4,availablePointerTypes=4 --no-sandbox --user-data-dir=C:\\Users\\abhir\\AppData\\Local\\Temp\\playwright_chromiumdev_profile-GLfL9O --remote-debugging-pipe --no-startup-window\n<launched> pid=16560","count":1,"skipped":false}],"attachments":[],"error":"Error: browserContext.close: Test ended.\nBrowser logs:\n\n<launching> C:\\Users\\abhir\\AppData\\Local\\ms-playwright\\chromium_headless_shell-1194\\chrome-win\\headless_shell.exe --disable-field-trial-config --disable-background-networking --disable-background-timer-throttling --disable-backgrounding-occluded-windows --disable-back-forward-cache --disable-breakpad --disable-client-side-phishing-detection --disable-component-extensions-with-background-pages --disable-component-update --no-default-browser-check --disable-default-apps --disable-dev-shm-usage --disable-extensions --disable-features=AcceptCHFrame,AvoidUnnecessaryBeforeUnloadCheckSync,DestroyProfileOnBrowserClose,DialMediaRouteProvider,GlobalMediaControls,HttpsUpgrades,LensOverlay,MediaRouter,PaintHolding,ThirdPartyStoragePartitioning,Translate,AutoDeElevate,RenderDocument --enable-features=CDPScreenshotNewSurface --allow-pre-commit-input --disable-hang-monitor --disable-ipc-flooding-protection --disable-popup-blocking --disable-prompt-on-repost --disable-renderer-backgrounding --force-color-profile=srgb --metrics-recording-only --no-first-run --password-store=basic --use-mock-keychain --no-service-autorun --export-tagged-pdf --disable-search-engine-choice-screen --unsafely-disable-devtools-self-xss-warnings --edge-skip-compat-layer-relaunch --enable-automation --headless --hide-scrollbars --mute-audio --blink-settings=primaryHoverType=2,availableHoverTypes=2,primaryPointerType=4,availablePointerTypes=4 --no-sandbox --user-data-dir=C:\\Users\\abhir\\AppData\\Local\\Temp\\playwright_chromiumdev_profile-GLfL9O --remote-debugging-pipe --no-startup-window\n<launched> pid=16560","count":1,"skipped":false},{"title":"Worker Cleanup","startTime":"2025-11-18T16:48:56.181Z","duration":7,"steps":[{"title":"Fixture \"browser\"","startTime":"2025-11-18T16:48:56.183Z","duration":1,"steps":[],"attachments":[],"count":1,"skipped":false}],"attachments":[],"count":1,"skipped":false}],"errors":[{"message":"\u001b[31mTest was interrupted.\u001b[39m"},{"message":"Error: browserContext.close: Test ended.\nBrowser logs:\n\n<launching> C:\\Users\\abhir\\AppData\\Local\\ms-playwright\\chromium_headless_shell-1194\\chrome-win\\headless_shell.exe --disable-field-trial-config --disable-background-networking --disable-background-timer-throttling --disable-backgrounding-occluded-windows --disable-back-forward-cache --disable-breakpad --disable-client-side-phishing-detection --disable-component-extensions-with-background-pages --disable-component-update --no-default-browser-check --disable-default-apps --disable-dev-shm-usage --disable-extensions --disable-features=AcceptCHFrame,AvoidUnnecessaryBeforeUnloadCheckSync,DestroyProfileOnBrowserClose,DialMediaRouteProvider,GlobalMediaControls,HttpsUpgrades,LensOverlay,MediaRouter,PaintHolding,ThirdPartyStoragePartitioning,Translate,AutoDeElevate,RenderDocument --enable-features=CDPScreenshotNewSurface --allow-pre-commit-input --disable-hang-monitor --disable-ipc-flooding-protection --disable-popup-blocking --disable-prompt-on-repost --disable-renderer-backgrounding --force-color-profile=srgb --metrics-recording-only --no-first-run --password-store=basic --use-mock-keychain --no-service-autorun --export-tagged-pdf --disable-search-engine-choice-screen --unsafely-disable-devtools-self-xss-warnings --edge-skip-compat-layer-relaunch --enable-automation --headless --hide-scrollbars --mute-audio --blink-settings=primaryHoverType=2,availableHoverTypes=2,primaryPointerType=4,availablePointerTypes=4 --no-sandbox --user-data-dir=C:\\Users\\abhir\\AppData\\Local\\Temp\\playwright_chromiumdev_profile-GLfL9O --remote-debugging-pipe --no-startup-window\n<launched> pid=16560"}],"status":"interrupted","annotations":[],"attachments":[]}],"ok":false}]}