{"metadata":{"actualWorkers":1},"startTime":1763484515909,"duration":20761.11,"files":[{"fileId":"14062f682777e7b80fa0","fileName":"draw.spec.ts","tests":[{"testId":"14062f682777e7b80fa0-7c40e3cee85510263db4","title":"draw on canvas, undo and redo (pixel-accurate)","projectName":"chromium","location":{"file":"draw.spec.ts","line":9,"column":1},"duration":19104,"annotations":[],"tags":[],"outcome":"skipped","path":[],"ok":false,"results":[{"attachments":[]}]}],"stats":{"total":1,"expected":0,"unexpected":0,"flaky":0,"skipped":1,"ok":true}}],"projectNames":["chromium"],"stats":{"total":1,"expected":0,"unexpected":0,"flaky":0,"skipped":1,"ok":true},"errors":[],"options":{}}